Workbook

Sheet Calculator
A9: Mode of exercise | B9: Session duration (minutes) | C9: Start body weight (kg) | D9: End body weight (kg) | E9: Start drink + fuel weight (kg) | F9: End drink + fuel weight (kg) | G9: % body weight change | H9: Drink/fuel consumed (L) | I9: Total sweat loss (L) | J9: Sweat rate (L/hr) | K9: Sweat sodium concentration (mg/L) | L9: Sodium loss (mg/hr) | M9: Total sodium loss (mg) | N9: Rehydration recommendation (L) | O9: Date | P9: Temperature (°C or °F) | Q9: Avg power or pace (Watts or min/km or min/mile) | R9: Indoor or Outdoor | S9: Comments
A10: Example (Running) | B10: 60 | C10: 61 | D10: 59.8 | E10: 1 | F10: 0.25 | G10: =IFERROR(-(C10-D10)/C10*100,"") -> -1.9672131 | H10: =IF(OR(ISBLANK(E10),ISBLANK(F10)),"",E10-F10) -> 0.75 | I10: =IFERROR((C10-D10)+H10,"") -> 1.95 | J10: =IFERROR((I10/B10)*60,"") -> 1.95 | K10: 1024 | L10: =IFERROR(J10*K10,"") -> 1996.8 | M10: =IFERROR(L10*(B10/60),"") -> 1996.8 | N10: =IF(D10>C10,"0",(IF(OR(ISBLANK(E10),ISBLANK(F10)),"",(C10-D10)*1.5))) -> 1.8 | O10: 45664 | P10: 36 | Q10: 150 | R10: Outdoor
A11: Example (Cycling) | B11: 90 | C11: 61 | D11: 59.5 | E11: 1.5 | F11: 0.25 | G11: =IFERROR(-(C11-D11)/C11*100,"") -> -2.4590164 | H11: =IF(OR(ISBLANK(E11),ISBLANK(F11)),"",E11-F11) -> 1.25 | I11: =IFERROR((C11-D11)+H11,"") -> 2.75 | J11: =IFERROR((I11/B11)*60,"") -> 1.8333333 | K11: 1024 | L11: =IFERROR(J11*K11,"") -> 1877.3333 | M11: =IFERROR(L11*(B11/60),"") -> 2816 | N11: =IF(D11>C11,"0",(IF(OR(ISBLANK(E11),ISBLANK(F11)),"",(C11-D11)*1.5))) -> 2.25 | O11: 45664 | P11: 28 | Q11: 150 | R11: Indoor
G12: =IFERROR(-(C12-D12)/C12*100,"") | H12: =IF(OR(ISBLANK(E12),ISBLANK(F12)),"",E12-F12) | I12: =IFERROR((C12-D12)+H12,"") | J12: =IFERROR((I12/B12)*60,"") | L12: =IFERROR(J12*K12,"") | M12: =IFERROR(L12*(B12/60),"") | N12: =IF(D12>C12,"0",(IF(OR(ISBLANK(E12),ISBLANK(F12)),"",(C12-D12)*1.5)))
G13: =IFERROR(-(C13-D13)/C13*100,"") | H13: =IF(OR(ISBLANK(E13),ISBLANK(F13)),"",E13-F13) | I13: =IFERROR((C13-D13)+H13,"") | J13: =IFERROR((I13/B13)*60,"") | L13: =IFERROR(J13*K13,"") | M13: =IFERROR(L13*(B13/60),"") | N13: =IF(D13>C13,"0",(IF(OR(ISBLANK(E13),ISBLANK(F13)),"",(C13-D13)*1.5)))
G14: =IFERROR(-(C14-D14)/C14*100,"") | H14: =IF(OR(ISBLANK(E14),ISBLANK(F14)),"",E14-F14) | I14: =IFERROR((C14-D14)+H14,"") | J14: =IFERROR((I14/B14)*60,"") | L14: =IFERROR(J14*K14,"") | M14: =IFERROR(L14*(B14/60),"") | N14: =IF(D14>C14,"0",(IF(OR(ISBLANK(E14),ISBLANK(F14)),"",(C14-D14)*1.5)))
G15: =IFERROR(-(C15-D15)/C15*100,"") | H15: =IF(OR(ISBLANK(E15),ISBLANK(F15)),"",E15-F15) | I15: =IFERROR((C15-D15)+H15,"") | J15: =IFERROR((I15/B15)*60,"") | L15: =IFERROR(J15*K15,"") | M15: =IFERROR(L15*(B15/60),"") | N15: =IF(D15>C15,"0",(IF(OR(ISBLANK(E15),ISBLANK(F15)),"",(C15-D15)*1.5)))
G16: =IFERROR(-(C16-D16)/C16*100,"") | H16: =IF(OR(ISBLANK(E16),ISBLANK(F16)),"",E16-F16) | I16: =IFERROR((C16-D16)+H16,"") | J16: =IFERROR((I16/B16)*60,"") | L16: =IFERROR(J16*K16,"") | M16: =IFERROR(L16*(B16/60),"") | N16: =IF(D16>C16,"0",(IF(OR(ISBLANK(E16),ISBLANK(F16)),"",(C16-D16)*1.5)))
G17: =IFERROR(-(C17-D17)/C17*100,"") | H17: =IF(OR(ISBLANK(E17),ISBLANK(F17)),"",E17-F17) | I17: =IFERROR((C17-D17)+H17,"") | J17: =IFERROR((I17/B17)*60,"") | L17: =IFERROR(J17*K17,"") | M17: =IFERROR(L17*(B17/60),"") | N17: =IF(D17>C17,"0",(IF(OR(ISBLANK(E17),ISBLANK(F17)),"",(C17-D17)*1.5)))
G18: =IFERROR(-(C18-D18)/C18*100,"") | H18: =IF(OR(ISBLANK(E18),ISBLANK(F18)),"",E18-F18) | I18: =IFERROR((C18-D18)+H18,"") | J18: =IFERROR((I18/B18)*60,"") | L18: =IFERROR(J18*K18,"") | M18: =IFERROR(L18*(B18/60),"") | N18: =IF(D18>C18,"0",(IF(OR(ISBLANK(E18),ISBLANK(F18)),"",(C18-D18)*1.5)))
G19: =IFERROR(-(C19-D19)/C19*100,"") | H19: =IF(OR(ISBLANK(E19),ISBLANK(F19)),"",E19-F19) | I19: =IFERROR((C19-D19)+H19,"") | J19: =IFERROR((I19/B19)*60,"") | L19: =IFERROR(J19*K19,"") | M19: =IFERROR(L19*(B19/60),"") | N19: =IF(D19>C19,"0",(IF(OR(ISBLANK(E19),ISBLANK(F19)),"",(C19-D19)*1.5)))
G20: =IFERROR(-(C20-D20)/C20*100,"") | H20: =IF(OR(ISBLANK(E20),ISBLANK(F20)),"",E20-F20) | I20: =IFERROR((C20-D20)+H20,"") | J20: =IFERROR((I20/B20)*60,"") | L20: =IFERROR(J20*K20,"") | M20: =IFERROR(L20*(B20/60),"") | N20: =IF(D20>C20,"0",(IF(OR(ISBLANK(E20),ISBLANK(F20)),"",(C20-D20)*1.5)))
G21: =IFERROR(-(C21-D21)/C21*100,"") | H21: =IF(OR(ISBLANK(E21),ISBLANK(F21)),"",E21-F21) | I21: =IFERROR((C21-D21)+H21,"") | J21: =IFERROR((I21/B21)*60,"") | L21: =IFERROR(J21*K21,"") | M21: =IFERROR(L21*(B21/60),"") | N21: =IF(D21>C21,"0",(IF(OR(ISBLANK(E21),ISBLANK(F21)),"",(C21-D21)*1.5)))
G22: =IFERROR(-(C22-D22)/C22*100,"") | H22: =IF(OR(ISBLANK(E22),ISBLANK(F22)),"",E22-F22) | I22: =IFERROR((C22-D22)+H22,"") | J22: =IFERROR((I22/B22)*60,"") | L22: =IFERROR(J22*K22,"") | M22: =IFERROR(L22*(B22/60),"") | N22: =IF(D22>C22,"0",(IF(OR(ISBLANK(E22),ISBLANK(F22)),"",(C22-D22)*1.5)))
G23: =IFERROR(-(C23-D23)/C23*100,"") | H23: =IF(OR(ISBLANK(E23),ISBLANK(F23)),"",E23-F23) | I23: =IFERROR((C23-D23)+H23,"") | J23: =IFERROR((I23/B23)*60,"") | L23: =IFERROR(J23*K23,"") | M23: =IFERROR(L23*(B23/60),"") | N23: =IF(D23>C23,"0",(IF(OR(ISBLANK(E23),ISBLANK(F23)),"",(C23-D23)*1.5)))
... G35: =IFERROR(-(C35-D35)/C35*100,"") | H35: =IF(OR(ISBLANK(E35),ISBLANK(F35)),"",E35-F35) | I35: =IFERROR((C35-D35)+H35,"") | J35: =IFERROR((I35/B35)*60,"") | L35: =IFERROR(J35*K35,"") | M35: =IFERROR(L35*(B35/60),"") | N35: =IF(D35>C35,"0",(IF(OR(ISBLANK(E35),ISBLANK(F35)),"",(C35-D35)*1.5)))
A37: Key | E37: Converter
B38: Input your data into these cells | E38: lbs
B39: Calculations (no user input required) | E39: kg | F39: =F38/2.205 -> 0

Sheet Report
D9: Sweat rate (L/hr) | F9: Temp (°C/°F) | I9: Use the table below to add sweat rate estimations and your planned fluid intake to see predicted body weight changes over your event.
A10: Average | D10: =AVERAGE(Calculator!J10:J35) -> 1.8916667 | F10: =AVERAGE(Calculator!P10:P35) -> 32
A11: Minimum | D11: =MIN(Calculator!J10:J35) -> 1.8333333 | F11: =VLOOKUP(D11,Calculator!J10:P35,7,FALSE) -> 28
A12: Maximum | D12: =MAX(Calculator!J10:J35) -> 1.95 | F12: =VLOOKUP(D12,Calculator!J10:P35,7,FALSE) -> 36 | I12: Estimated starting body weight (kg) | L12: 62
I13: Estimated race time (hours) | L13: 6
I15: Hour of event | J15: Estimated sweat rate (L/hr) | K15: Planned fluid intake (L/hr) | L15: Body weight estimations (kg) | M15: % body weight change
I16: 1 | J16: 1.83 | K16: 0.5 | L16: =$L$12-(J16-K16) -> 60.67 | M16: =($L$12-L16)/$L$12 -> 0.021451613
I17: 2 | J17: 1.89 | K17: 0.75 | L17: =L16-(J17-K17) -> 59.53 | M17: =($L$12-L17)/$L$12 -> 0.03983871
I18: 3 | J18: 1.89 | K18: 0.75 | L18: =L17-(J18-K18) -> 58.39 | M18: =($L$12-L18)/$L$12 -> 0.058225806
I19: 4 | J19: 1.95 | K19: 0.75 | L19: =L18-(J19-K19) -> 57.19 | M19: =($L$12-L19)/$L$12 -> 0.077580645
I20: 5 | J20: 1.95 | K20: 0.5 | L20: =L19-(J20-K20) -> 55.74 | M20: =($L$12-L20)/$L$12 -> 0.10096774
I21: 6 | J21: 1.95 | K21: 0.5 | L21: =L20-(J21-K21) -> 54.29 | M21: =($L$12-L21)/$L$12 -> 0.12435484
I22: 7 | J22: 1.5 | K22: 0.75 | L22: =L21-(J22-K22) -> 53.54 | M22: =($L$12-L22)/$L$12 -> 0.13645161
I23: 8 | J23: 1.5 | K23: 0.75 | L23: =L22-(J23-K23) -> 52.79 | M23: =($L$12-L23)/$L$12 -> 0.14854839
I24: 9 | J24: 1.5 | K24: 0.75 | L24: =L23-(J24-K24) -> 52.04 | M24: =($L$12-L24)/$L$12 -> 0.16064516
I25: 10 | J25: 1.5 | K25: 0.75 | L25: =L24-(J25-K25) -> 51.29 | M25: =($L$12-L25)/$L$12 -> 0.17274194
I26: 11 | L26: =L25-(J26-K26) -> 51.29 | M26: =($L$12-L26)/$L$12 -> 0.17274194
I27: 12 | L27: =L26-(J27-K27) -> 51.29 | M27: =($L$12-L27)/$L$12 -> 0.17274194
A28: Key | I28: 13 | L28: =L27-(J28-K28) -> 51.29 | M28: =($L$12-L28)/$L$12 -> 0.17274194
B29: Well-hydrated to mild dehydration (0-2% of body mass (BM) loss) | I29: 14 | L29: =L28-(J29-K29) -> 51.29 | M29: =($L$12-L29)/$L$12 -> 0.17274194
I30: 15 | L30: =L29-(J30-K30) -> 51.29 | M30: =($L$12-L30)/$L$12 -> 0.17274194
B31: Moderate dehydration (2-4% of BM loss) likely to negativley impact performance over long durations and/or warm/humid conditions | I31: 16 | L31: =L30-(J31-K31) -> 51.29 | M31: =($L$12-L31)/$L$12 -> 0.17274194
I32: 17 | L32: =L31-(J32-K32) -> 51.29 | M32: =($L$12-L32)/$L$12 -> 0.17274194
B33: Moderate-servere dehydration (4-8% of BM loss) large negative impacts to performance in any condtions | I33: 18 | L33: =L32-(J33-K33) -> 51.29 | M33: =($L$12-L33)/$L$12 -> 0.17274194
I34: 19 | L34: =L33-(J34-K34) -> 51.29 | M34: =($L$12-L34)/$L$12 -> 0.17274194
B35: Severe dehydration (>8% of BM loss) extreme impact to health and performance in any conditions | I35: 20 | L35: =L34-(J35-K35) -> 51.29 | M35: =($L$12-L35)/$L$12 -> 0.17274194
I36: 21 | L36: =L35-(J36-K36) -> 51.29 | M36: =($L$12-L36)/$L$12 -> 0.17274194
I37: 22 | L37: =L36-(J37-K37) -> 51.29 | M37: =($L$12-L37)/$L$12 -> 0.17274194
I38: 23 | L38: =L37-(J38-K38) -> 51.29 | M38: =($L$12-L38)/$L$12 -> 0.17274194
I39: 24 | L39: =L38-(J39-K39) -> 51.29 | M39: =($L$12-L39)/$L$12 -> 0.17274194

Sheet Sheet1
D9: Sweat rate (L/hr) | F9: Temp (°C/°F) | I9: Use the table below to add sweat rate estimations and your planned fluid intake to see predicted body weight changes over your event.
A10: Average | D10: =AVERAGE(Calculator!J10:J35) -> 1.8916667 | F10: =AVERAGE(Calculator!P10:P35) -> 32
A11: Minimum | D11: =MIN(Calculator!J10:J35) -> 1.8333333 | F11: =VLOOKUP(D11,Calculator!J10:P35,7,FALSE) -> 28
A12: Maximum | D12: =MAX(Calculator!J10:J35) -> 1.95 | F12: =VLOOKUP(D12,Calculator!J10:P35,7,FALSE) -> 36 | I12: Estimated starting body weight (kg) | L12: 62
I13: Estimated race time (hours) | L13: 6
I15: Hour of event | J15: Estimated sweat rate (L/hr) | K15: Planned fluid intake (L/hr) | L15: Body weight estimations (kg) | M15: % body weight change
I16: 1 | J16: 1.83 | K16: 0.5 | L16: =$L$12-(J16-K16) -> 60.67 | M16: =($L$12-L16)/$L$12 -> 0.021451613
I17: 2 | J17: 1.89 | K17: 0.75 | L17: =L16-(J17-K17) -> 59.53 | M17: =($L$12-L17)/$L$12 -> 0.03983871
I18: 3 | J18: 1.89 | K18: 0.75 | L18: =L17-(J18-K18) -> 58.39 | M18: =($L$12-L18)/$L$12 -> 0.058225806
I19: 4 | J19: 1.95 | K19: 0.75 | L19: =L18-(J19-K19) -> 57.19 | M19: =($L$12-L19)/$L$12 -> 0.077580645
I20: 5 | J20: 1.95 | K20: 0.5 | L20: =L19-(J20-K20) -> 55.74 | M20: =($L$12-L20)/$L$12 -> 0.10096774
I21: 6 | J21: 1.95 | K21: 0.5 | L21: =L20-(J21-K21) -> 54.29 | M21: =($L$12-L21)/$L$12 -> 0.12435484
I22: 7 | J22: 1.5 | K22: 0.75 | L22: =L21-(J22-K22) -> 53.54 | M22: =($L$12-L22)/$L$12 -> 0.13645161
I23: 8 | J23: 1.5 | K23: 0.75 | L23: =L22-(J23-K23) -> 52.79 | M23: =($L$12-L23)/$L$12 -> 0.14854839
I24: 9 | J24: 1.5 | K24: 0.75 | L24: =L23-(J24-K24) -> 52.04 | M24: =($L$12-L24)/$L$12 -> 0.16064516
I25: 10 | J25: 1.5 | K25: 0.75 | L25: =L24-(J25-K25) -> 51.29 | M25: =($L$12-L25)/$L$12 -> 0.17274194
I26: 11 | L26: =L25-(J26-K26) -> 51.29 | M26: =($L$12-L26)/$L$12 -> 0.17274194
I27: 12 | L27: =L26-(J27-K27) -> 51.29 | M27: =($L$12-L27)/$L$12 -> 0.17274194
A28: Key | I28: 13 | L28: =L27-(J28-K28) -> 51.29 | M28: =($L$12-L28)/$L$12 -> 0.17274194
B29: Well-hydrated to mild dehydration (0-2% of body mass (BM) loss) | I29: 14 | L29: =L28-(J29-K29) -> 51.29 | M29: =($L$12-L29)/$L$12 -> 0.17274194
I30: 15 | L30: =L29-(J30-K30) -> 51.29 | M30: =($L$12-L30)/$L$12 -> 0.17274194
B31: Moderate dehydration (2-4% of BM loss) likely to negativley impact performance over long durations and/or warm/humid conditions | I31: 16 | L31: =L30-(J31-K31) -> 51.29 | M31: =($L$12-L31)/$L$12 -> 0.17274194
I32: 17 | L32: =L31-(J32-K32) -> 51.29 | M32: =($L$12-L32)/$L$12 -> 0.17274194
B33: Moderate-servere dehydration (4-8% of BM loss) large negative impacts to performance in any condtions | I33: 18 | L33: =L32-(J33-K33) -> 51.29 | M33: =($L$12-L33)/$L$12 -> 0.17274194
I34: 19 | L34: =L33-(J34-K34) -> 51.29 | M34: =($L$12-L34)/$L$12 -> 0.17274194
B35: Severe dehydration (>8% of BM loss) extreme impact to health and performance in any conditions | I35: 20 | L35: =L34-(J35-K35) -> 51.29 | M35: =($L$12-L35)/$L$12 -> 0.17274194
I36: 21 | L36: =L35-(J36-K36) -> 51.29 | M36: =($L$12-L36)/$L$12 -> 0.17274194
I37: 22 | L37: =L36-(J37-K37) -> 51.29 | M37: =($L$12-L37)/$L$12 -> 0.17274194
I38: 23 | L38: =L37-(J38-K38) -> 51.29 | M38: =($L$12-L38)/$L$12 -> 0.17274194
I39: 24 | L39: =L38-(J39-K39) -> 51.29 | M39: =($L$12-L39)/$L$12 -> 0.17274194
